transactTime,time,sender,subject,filepath,sourceData,assetClass,messageBody
6.66699986e+17,37586000.0,ProperlyFittedPants,"Volatility Trading Weekly Discussion - February 14, 2021",Reddit_tradevol_2021-02-18.csv,REDDIT,COM,Everything feels so expensive in this market -- risk/reward seems pretty bad for short vol too.  This is the perfect market setup for XIV if it still existed.  I guess there's some pennies to be had managing some VXX/UVXY spreads...Mainly watching what happens with SPX before I make my next serious move:SPX close above 3965 on any day (esp. Friday) and I'm all in /ES to catch the euphoria ripSPX close between 3870-3920 on Friday and I'll just spend the rest of my life BTFD bc nothing matters but the FedSPX close below 3870 on Friday and I'm assuming we're smashing down to at least 3700Anyway here's a good Twitter thread (and account to follow)
6.66673661e+17,11261000.0,Marseille074,"Volatility Trading Weekly Discussion - February 14, 2021",Reddit_tradevol_2021-02-18.csv,REDDIT,COM,The VIX closed below 20 for the first time since 2020-02-21.  Let's see if we can stay this way next week.
6.6671705e+17,54650000.0,bullish88,"Volatility Trading Weekly Discussion - February 14, 2021",Reddit_tradevol_2021-02-18.csv,REDDIT,COM,Keep a nice call side hedge on vix. Call are cheaper than puts.
6.66876227e+17,41027000.0,ProperlyFittedPants,"Volatility Trading Weekly Discussion - February 14, 2021",Reddit_tradevol_2021-02-18.csv,REDDIT,COM,"SPX up/VIX up daysHad this in the morning as SPX violated the upper bounds at the open (furthest upside aberration since August)Since this got sold off quickly, I'm leaning towards ending the week in the boring 3900 +/-25 range, and bought some cheap Friday 3875/3900/3925 butterflies.  Will probably be open to buying dips over the coming days."
6.6676286e+17,14060000.0,Alert-Ad-6753,"Volatility Trading Weekly Discussion - February 14, 2021",Reddit_tradevol_2021-02-18.csv,REDDIT,COM,"Curious do you believe any euphoria rip can last beyond Friday? Thinking specifically of gamma squeeze due to clusters of SPY calls expiring ITM, which would presumably place amy related rip prior to Fridayâ€™s close? Or do you believe there might be a subsequent rip, going into Monday, if SPX closes above 3965 on Friday?"
6.66680289e+17,17889000.0,Ill_Wrongdoer4179,"Volatility Trading Weekly Discussion - February 14, 2021",Reddit_tradevol_2021-02-18.csv,REDDIT,COM,https://youtu.be/O7cxuaFFSNE?t=235 nfa lol
6.6688803e+17,52830000.0,TsundereNEET,"Volatility Trading Weekly Discussion - February 14, 2021",Reddit_tradevol_2021-02-18.csv,REDDIT,COM,"I anticipate Thursday's congressional hearing to be a big deal.When was the last time a minimalist retail brokerage, a MM, and a hedge fund got thoroughly grilled together? Dems are going to have a field day asking tough questions. u/DeepFuckingValue is the cherry on top."
6.66930539e+17,8939000.0,ProperlyFittedPants,"Volatility Trading Weekly Discussion - February 14, 2021",Reddit_tradevol_2021-02-18.csv,REDDIT,COM,"Will probably be open to buying dips over the coming days.Bought the dip at 9:35a with 3920 callsSold the bounce at 9:51a with 3910 callsBooked my profit for the day either way -- obviously betting on some further monthly mean reversion by the close. If it wasn't OpEx week, I'd have targeted the weekly (~3930) with debit spreads."
6.66782832e+17,34032000.0,ProperlyFittedPants,"Volatility Trading Weekly Discussion - February 14, 2021",Reddit_tradevol_2021-02-18.csv,REDDIT,COM,"Or do you believe there might be a subsequent rip, going into Monday, if SPX closes above 3965 on Friday?This.  >3965 is too far above the monthly trend (esp. since November) that options sellers should have to do significant re-hedging to deal with it.  They're already apparently having a bad month -- weekly vol has been consistently mispriced.If we keep ripping upwards this week, we may also get some of the beloved SPX up/VIX up days -- maybe even followed by SPX down/VIX down."
6.66930636e+17,9036000.0,ProperlyFittedPants,"Volatility Trading Weekly Discussion - February 14, 2021",Reddit_tradevol_2021-02-18.csv,REDDIT,COM,"congressional hearing Ehhh it'll probably be entertaining to listen to, but nothing ever happens during hearings... just a bunch of grandstanding by politicians."
6.66966582e+17,44982000.0,ProperlyFittedPants,"Volatility Trading Weekly Discussion - February 14, 2021",Reddit_tradevol_2021-02-18.csv,REDDIT,COM,"If it wasn't OpEx week, I'd have targeted the weekly (~3930)Guh. 3931. Weekly vol in control."
6.66788192e+17,39392000.0,Alert-Ad-6753,"Volatility Trading Weekly Discussion - February 14, 2021",Reddit_tradevol_2021-02-18.csv,REDDIT,COM,"yes, if it goes that way it could start feeling like the lead up to the 9/1/2020 melt up with vix and SPX both up followed by sharp down...still wondering whether, given quad witching and the volumes of expiries involved, we might expect MMs to primarily hedge *into* this Fridayâ€™s close to protect against 2/19 ITM quad call expiries (understand from elsewhere that much quad witching-related price action happens in the days prior to the expiry). this would mean loading up on shares for offloading into close 2/19 or even before would be the move.Or whether we can expect MMs to *continue* delta hedging into Monday / next week, based on subsequent expiries, because a >3965 Friday close means they wonâ€™t have been able to sufficiently hedge by EOD Friday 2/19 what they will need to have hedged by 2/26? Could it be both?Presumably it depends on how much pile on there is into calls for both 2/19 and 2/26 expiries between now and this Friday, and how much hedging happens in between?"
6.66930928e+17,9328000.0,TsundereNEET,"Volatility Trading Weekly Discussion - February 14, 2021",Reddit_tradevol_2021-02-18.csv,REDDIT,COM,"While that's typically the case, people may this time be left asking, Are they planning to regulate X? Y? Z? I swear during a big tech hearing, we saw a significant down day with no other catalyst."
6.66789296e+17,40496000.0,ProperlyFittedPants,"Volatility Trading Weekly Discussion - February 14, 2021",Reddit_tradevol_2021-02-18.csv,REDDIT,COM,2/19 and 2/26 expiries I mean re-hedging their longer term exposure because Feb monthlies expiring >3965 is far outside the expected varianceThere's more OI in the March monthlies than every single expiration between now and then combined (nevermind the further-dated monthlies)A new higher-upside-vol regime isn't currently priced into those options but will need to be if we stay offsides on the upside for too long
6.66807597e+17,58797000.0,TsundereNEET,"Good time to buy UVXY?! Morgan Stanley Warns Record Flood Of Retail Investors Is Buying The VIX, Could Trigger Huge Squeeze",Reddit_tradevol_2021-02-18.csv,REDDIT,COM,"If you have to ask, the answer is absolutely not, regardless of whether the idea has merit. These products can totally burn the uninformed: see our graveyard, r/TradeXIV"
6.66807482e+17,58682000.0,i_am_rich_AF,"Good time to buy UVXY?! Morgan Stanley Warns Record Flood Of Retail Investors Is Buying The VIX, Could Trigger Huge Squeeze",Reddit_tradevol_2021-02-18.csv,REDDIT,COM,Nah. ðŸ˜‚
6.6681005e+17,61250000.0,Marseille074,"Good time to buy UVXY?! Morgan Stanley Warns Record Flood Of Retail Investors Is Buying The VIX, Could Trigger Huge Squeeze",Reddit_tradevol_2021-02-18.csv,REDDIT,COM,"I think the article is kind of interesting, we are seeing some unusual spikes of late such as the GME week when the VIX spiked from 24 to 37 for merely -3.3% WoW on the SPX.With that said, I think the VIX is still priced quite high and /vx even higher because the traders are finally starting to learn to demand more premium."
6.66807887e+17,59087000.0,ProperlyFittedPants,"Good time to buy UVXY?! Morgan Stanley Warns Record Flood Of Retail Investors Is Buying The VIX, Could Trigger Huge Squeeze",Reddit_tradevol_2021-02-18.csv,REDDIT,COM,Lmao these SocGen Quants are embarrassingNo amount of retail in VIX would be able to have a discernable impact without a XIV-like product available.You could shove another $2B into UVXY and it would maybe marginally impact the /VX market for a couple days.The worst it would do to SPX... is make it cheaper for Market Makers to sell options because of the added /VX liquidity lets them hedge more easily.
6.66807806e+17,59006000.0,synaesthesisx,"Good time to buy UVXY?! Morgan Stanley Warns Record Flood Of Retail Investors Is Buying The VIX, Could Trigger Huge Squeeze",Reddit_tradevol_2021-02-18.csv,REDDIT,COM,....what?
6.6683282e+17,84020000.0,Unknown,"Good time to buy UVXY?! Morgan Stanley Warns Record Flood Of Retail Investors Is Buying The VIX, Could Trigger Huge Squeeze",Reddit_tradevol_2021-02-18.csv,REDDIT,COM,he'll be right and u condescending ogs will miss the move of a lifetime
6.66847518e+17,12318000.0,runawaymarmot,"Good time to buy UVXY?! Morgan Stanley Warns Record Flood Of Retail Investors Is Buying The VIX, Could Trigger Huge Squeeze",Reddit_tradevol_2021-02-18.csv,REDDIT,COM,"Read the prospectus, and if you walk away understanding 100% how the product works, then go about your business. Almost no retail investors have any clue."
6.66853027e+17,17827000.0,cconti77,"Good time to buy UVXY?! Morgan Stanley Warns Record Flood Of Retail Investors Is Buying The VIX, Could Trigger Huge Squeeze",Reddit_tradevol_2021-02-18.csv,REDDIT,COM,Welcome to the losing on money on UVXY club ðŸ˜
6.66864645e+17,29445000.0,Champandi,"Good time to buy UVXY?! Morgan Stanley Warns Record Flood Of Retail Investors Is Buying The VIX, Could Trigger Huge Squeeze",Reddit_tradevol_2021-02-18.csv,REDDIT,COM,"'It's like we're trying our best to help the virus': A fourth wave is looming if US fails to contain COVID-19 variants, experts sayWill a COVID variant fourth wave cause UVXY to pop?"
6.66809046e+17,60246000.0,comfortable_in_cross,"Good time to buy UVXY?! Morgan Stanley Warns Record Flood Of Retail Investors Is Buying The VIX, Could Trigger Huge Squeeze",Reddit_tradevol_2021-02-18.csv,REDDIT,COM,"UVXY and XIV are opposite products (basically, not exactly). The reasons not to hold UVXY long-term have nothing to do with XIV."
6.66838317e+17,3117000.0,Alert-Ad-6753,"Good time to buy UVXY?! Morgan Stanley Warns Record Flood Of Retail Investors Is Buying The VIX, Could Trigger Huge Squeeze",Reddit_tradevol_2021-02-18.csv,REDDIT,COM,"Is it enough to compensate for the risk of another minor market accident, or even correction, a la GME? Technicals on SPX looks like it could rip higher, but if so the. equally it should come down sharper thereafter too, or?"
6.6683735e+17,2150000.0,Alert-Ad-6753,"Good time to buy UVXY?! Morgan Stanley Warns Record Flood Of Retail Investors Is Buying The VIX, Could Trigger Huge Squeeze",Reddit_tradevol_2021-02-18.csv,REDDIT,COM,"Agree retail buying UVXY wonâ€™t directly impact VIX, but isnâ€˜t the main point that if SPX options IV (and therefore VIX and therefore /VX) spike significantly for some other reason, the HFs short /VX may be margin called and forced to sell SPX shares, pushing the VIX higher still in some kind of doom loop (similar to the margin calls generated by the GME short squeeze)?guess itâ€™s a warning that being short vol could end up offside very suddenly in the case of any market accident, whether or not the market accident is related to UXVY call buying itself?new to this so not sure how significant a short position is $2.2bn, 80k contracts / 50% ADV. Melvin was rumored to have lost c.$2-3bn on GME, maybe this is in the same order of magnitude?"
6.66853172e+17,17972000.0,cconti77,"Good time to buy UVXY?! Morgan Stanley Warns Record Flood Of Retail Investors Is Buying The VIX, Could Trigger Huge Squeeze",Reddit_tradevol_2021-02-18.csv,REDDIT,COM,Iâ€™m joking but on a serious note itâ€™s a decaying product. If you time the spike correctly you can make great money like some of us did back in March but otherwise it can crush your investment.
6.66874157e+17,38957000.0,tragicdiffidence12,"Good time to buy UVXY?! Morgan Stanley Warns Record Flood Of Retail Investors Is Buying The VIX, Could Trigger Huge Squeeze",Reddit_tradevol_2021-02-18.csv,REDDIT,COM,"If a mutation finally emerges (and spreads) that cannot be tackled by existing vaccines quickly, then itâ€™s possible."
6.6680922e+17,60420000.0,TsundereNEET,"Good time to buy UVXY?! Morgan Stanley Warns Record Flood Of Retail Investors Is Buying The VIX, Could Trigger Huge Squeeze",Reddit_tradevol_2021-02-18.csv,REDDIT,COM,"I said these products, which encompasses all VX products, short and long"
6.66877746e+17,42546000.0,SnacksOnSeedCorn,"Good time to buy UVXY?! Morgan Stanley Warns Record Flood Of Retail Investors Is Buying The VIX, Could Trigger Huge Squeeze",Reddit_tradevol_2021-02-18.csv,REDDIT,COM,"And ironically, it would be saner to hold XIV (well, the same strategy it ran) long term over UVXY."
6.66845616e+17,10416000.0,ProperlyFittedPants,"Good time to buy UVXY?! Morgan Stanley Warns Record Flood Of Retail Investors Is Buying The VIX, Could Trigger Huge Squeeze",Reddit_tradevol_2021-02-18.csv,REDDIT,COM,a warning that being short vol could end up offside very suddenly in the case of any market accidentThat's the point of short vol.  You're essentially selling insurance. See also: the spectacular blowups of XIV and of Long Term Capital Management.
6.6680943e+17,60630000.0,Marseille074,"Good time to buy UVXY?! Morgan Stanley Warns Record Flood Of Retail Investors Is Buying The VIX, Could Trigger Huge Squeeze",Reddit_tradevol_2021-02-18.csv,REDDIT,COM,"I think the above poster's point is, long volatility won't go -96% in a day whereas the short side can (and has)."
6.66832962e+17,84162000.0,Unknown,"Good time to buy UVXY?! Morgan Stanley Warns Record Flood Of Retail Investors Is Buying The VIX, Could Trigger Huge Squeeze",Reddit_tradevol_2021-02-18.csv,REDDIT,COM,don't u have this the wrong way round
6.66780938e+17,32138000.0,vol_trader,VIX strategy question,Reddit_tradevol_2021-02-18.csv,REDDIT,COM,Buying Vix calls is like purchasing insurance and paying a monthly premium. If Vix spikes soon you may be able to recoup some/all of your premium paid plus profit. But for each month that goes by where Vix doesn't spike you lose your premium.You may or may not profit if /when Vix spikes.
6.66781276e+17,32476000.0,SnacksOnSeedCorn,VIX strategy question,Reddit_tradevol_2021-02-18.csv,REDDIT,COM,"You'll want to look up tail risk strategies. Simply buying VIX exposure is the quickest/easiest way but there's funds that actively try to limit the bleed over time. I will say, don't trade it, that's how you end up like CalPers getting rid of their tail risk hedge in February 2020. Make a fixed allocation, say 5% and accept the fact that every rebalance you're putting money into a losing position because when it pays out, you'll be rebalancing out of it and into your equities that are getting beat up and are on sale."
6.66785406e+17,36606000.0,wplaurence,VIX strategy question,Reddit_tradevol_2021-02-18.csv,REDDIT,COM,VIX Traders eat like chickens and shit like elephants.  Why would you mess with this product?  There is a Fed Put that is provable since at least 1996 in the stock market.
6.66783353e+17,34553000.0,clickedok,VIX strategy question,Reddit_tradevol_2021-02-18.csv,REDDIT,COM,Thanks
6.6678336e+17,34560000.0,clickedok,VIX strategy question,Reddit_tradevol_2021-02-18.csv,REDDIT,COM,Thanks
6.66804669e+17,55869000.0,ThenIJizzedInMyPants,VIX strategy question,Reddit_tradevol_2021-02-18.csv,REDDIT,COM,lol nicely put
6.6678632e+17,37520000.0,clickedok,VIX strategy question,Reddit_tradevol_2021-02-18.csv,REDDIT,COM,Fair point. I guess I suspect that there is a fat tail to be had to the downside and I have have no idea how to trade it.
6.6606431e+17,6710000.0,ProperlyFittedPants,"Volatility Trading Weekly Discussion - February 07, 2021",Reddit_tradevol_2021-02-18.csv,REDDIT,COM,"Short /VX right now -- which has been printing nicely for the past week -- I suspect we'll get to VIX well under 20 (16-18 perhaps) before Feb vixperation Also planning on going long /ES at market open tonight (unless vol spikes)Monday, if things keep looking calm, I'm hoping to get very long SPX with a pile of OTM calls (close out the /ES and maybe the /VX)"
6.66518924e+17,29324000.0,soyboi83,"Volatility Trading Weekly Discussion - February 07, 2021",Reddit_tradevol_2021-02-18.csv,REDDIT,COM,Sub-20 !
6.66418e+17,14800000.0,TsundereNEET,"Volatility Trading Weekly Discussion - February 07, 2021",Reddit_tradevol_2021-02-18.csv,REDDIT,COM,"Between VX expiration and option expiration next week, there will be a Congressional hearing regarding market plumbing... Citadel and RH will be in attendance (+Roaring Kitty?)As much as it could help retail investors in the long run, fiddling with market structure is not bullish, nor is discussion of such. Imagine WSJ's takes on this: panicked."
6.66575636e+17,86036000.0,ThetaBetaNotAlpha,"Volatility Trading Weekly Discussion - February 07, 2021",Reddit_tradevol_2021-02-18.csv,REDDIT,COM,"Posting here prior to making an individual post in the hopes it can be answered. If I want to go long volatility in the near future, what is the best derivative for it? Iâ€™ve used VIX in the past but since reading here I donâ€™t think thatâ€™s the best option going forward. Hypothetically letâ€™s say I want to go long vol for a potential 10-15% correction in the near term, mid March to April expiration, what would be best to use? I have been thinking VXX 20 - 22 calls and then if vol moves in the direction for the trade I could sell some higher calls to reduce my cost basis. Thoughts? Thanks"
6.6618131e+17,37310000.0,ProperlyFittedPants,"Volatility Trading Weekly Discussion - February 07, 2021",Reddit_tradevol_2021-02-18.csv,REDDIT,COM,"get very long SPX with a pile of OTM calls (close out the /ES and maybe the /VX)Did all these things.Now I'm just suuuper long SPX delta & vega.I think we're going to see a SPX ~4000 blowout top before OpEx, so I'm rawdogging it with SPX calls.If/when we reach increasing SPX targets, I'll start converting positions into butterflies -- possibly looking like 3900/3925/3950 and/or 3900/3950/4000 -- to try to catch any pullback to a more reasonable 3925-3950 at OpEx."
6.66520478e+17,30878000.0,Marseille074,"Volatility Trading Weekly Discussion - February 07, 2021",Reddit_tradevol_2021-02-18.csv,REDDIT,COM,Great stuff.  2020-02-21 was the last day the VIX closed below 20.  Took us just about a year.
6.66693779e+17,31379000.0,Alert-Ad-6753,"Volatility Trading Weekly Discussion - February 07, 2021",Reddit_tradevol_2021-02-18.csv,REDDIT,COM,"for a correction in SPY, just buy SPY puts. Theyâ€™ll theta decay but at least they wonâ€™t get vol crushed on top of that like VXX if the market chops sideways for a few weeks..that said, the indices seem to be bouncing in ascending wedges so maybe the strategy you mentioned could work out, could just be a wilder ride"
6.66661659e+17,85659000.0,fatcows7,"Volatility Trading Weekly Discussion - February 07, 2021",Reddit_tradevol_2021-02-18.csv,REDDIT,COM,"VIX in the past but since reading here I donâ€™t think thatâ€™s the best option going forward.  Hypothetically letâ€™s say I want to go long vol for a potential 10-15% correction in the near term, mid March to April expiration, what would be best to use? I have been thinking VXX 20 - 22 calls and then if vol moves in the direction for the trade I could sell some higher callsfollowing"
6.66357099e+17,40299000.0,ProperlyFittedPants,"Volatility Trading Weekly Discussion - February 07, 2021",Reddit_tradevol_2021-02-18.csv,REDDIT,COM,SPX ~4000 blowout top before OpExGave up on this thesis this morning on the really weak opening.  Converted my calls to credit spreads that almost kicked my ass in the afternoon.Bull is tired -- everyone is going into shitcoins and smallcaps to chase returns.Feeling ambivalent about the market after the price action this week...maybe time to get back to writing VIX/VXX puts
6.66534413e+17,44813000.0,ProperlyFittedPants,"Volatility Trading Weekly Discussion - February 07, 2021",Reddit_tradevol_2021-02-18.csv,REDDIT,COM,Feeling ambivalent about the market after the price action this week...maybe time to get back to writing VIX/VXX putsStill ambivalent... no serious VIX/SPX positions aside from a few OTM SPX lotto puts & butterflies.  Just selling a little short term vol on crappy memestonks.Next week is pivotal...SPX close above 3965 on any day (esp. Friday) and I'm very bullish short-termSPX close between 3870-3920 on Friday and I'll just spend the rest of my life BTFD
6.65902038e+17,17238000.0,LAUJACK,VIX - how to own?,Reddit_tradevol_2021-02-18.csv,REDDIT,COM,"Hello, If you want to hedge against forward variations in Vol going long OTM VIX calls is not going to serve that purpose. As counterintuitive as it sounds it will do the opposite. It is important to distinguish between the VIX cash or index and the VROs VIX options and VX VIX futures. I think you would be better off  reading the spec sheets provided by the CBOE, but long story short VIX futures capture 60 to 70 % ( at optimal conditions)  of the variations in the index  and the options track the futures ( again read the spec sheet and look for the SOQ). The ETPs are usually a combination of different term VX futures ( that adds more roll yield considerations) and I would suggest reading the specific spec sheet for each ETP. As an example  the VXX is a combination of current and coming maturity futures. The weighting of each future in the ETP is variable and in function of each passing day to compensate for the roll yield. I hope this helps this isn't a straightforward trading endeavor but it'll be good for you.Feel free to drop by: https://www.reddit.com/r/VolTrading/"
6.65899806e+17,15006000.0,ShadyTies,VIX - how to own?,Reddit_tradevol_2021-02-18.csv,REDDIT,COM,"You can buy call options directly on the VIX itself, with the right broker."
6.65926731e+17,41931000.0,bullish88,VIX - how to own?,Reddit_tradevol_2021-02-18.csv,REDDIT,COM,"There is decay and carry costs on leveraged vix funds, you can do vix futures but Just buy puts on emerging markets like eem, efa."
6.65916352e+17,31552000.0,SnacksOnSeedCorn,VIX - how to own?,Reddit_tradevol_2021-02-18.csv,REDDIT,COM,"TAIL is an ETF choice, otherwise the tail risk fund market has pretty high minimum investment amounts. The reason you buy it in a fund form is that the management team will be managing their costs to drawdown the least over time. Expect to pay monthly in the form of gradual losses with rare explosions. The idea is you get a massive distribution right when everything is in panic mode and dirt cheap, boosting net returns through the whole business cycle. Resist the urge to trade, as CalPers learned."
6.65926755e+17,41955000.0,bullish88,VIX - how to own?,Reddit_tradevol_2021-02-18.csv,REDDIT,COM,Thatâ€™s why I like tastyworks. You can play anything.
6.65927066e+17,42266000.0,RATSUEL2020,VIX - how to own?,Reddit_tradevol_2021-02-18.csv,REDDIT,COM,On the theory a crash will cause a dollar spike?
6.6592712e+17,42320000.0,bullish88,VIX - how to own?,Reddit_tradevol_2021-02-18.csv,REDDIT,COM,"With interest rates this low, I doubt it."
6.65498706e+17,45906000.0,ProperlyFittedPants,"Volatility Trading Weekly Discussion - January 31, 2021",Reddit_tradevol_2021-02-18.csv,REDDIT,COM,"Long VX & Short NQ as of tonightGME boomers & nurses gonna get blown the f out tomorrow morning and it's gonna be a total bloodbath of margin calls and forced selling of their SPY, AMD, etc."
6.65471672e+17,18872000.0,mapleloafs,"Volatility Trading Weekly Discussion - January 31, 2021",Reddit_tradevol_2021-02-18.csv,REDDIT,COM,It's tough to play the GME/AMC crap right now but I think this will spook the markets a bit so I am thinking VIX spikes even more this next week.
6.65465406e+17,12606000.0,TsundereNEET,"Volatility Trading Weekly Discussion - January 31, 2021",Reddit_tradevol_2021-02-18.csv,REDDIT,COM,"VaR trap- vol goes up, funds sell positions to manage risk. Feedback loop. Stimulus priced in."
6.65502069e+17,49269000.0,synaesthesisx,"Volatility Trading Weekly Discussion - January 31, 2021",Reddit_tradevol_2021-02-18.csv,REDDIT,COM,"Assuming no intervention, there is a nonzero possibility GME actually goes to infinity and wipes out the rest of the market."
6.65559008e+17,19808000.0,ProperlyFittedPants,"Volatility Trading Weekly Discussion - January 31, 2021",Reddit_tradevol_2021-02-18.csv,REDDIT,COM,GME boomers & nurses gonna get blown the f out tomorrow morningNew thesis: boomers and nurses are going to get bled dry over the next couple weeks as they baghold / buy more overpriced options from the pros -- the pros will then use these profits to buy tech stocksVIX to 20 by the end of FebWill be short /vx and/or VXX soon
6.65536644e+17,83844000.0,ProperlyFittedPants,"Volatility Trading Weekly Discussion - January 31, 2021",Reddit_tradevol_2021-02-18.csv,REDDIT,COM,Short NQ as of tonightStopped out of this overnight... just reloaded into a short /es position
6.65515217e+17,62417000.0,Marseille074,"Volatility Trading Weekly Discussion - January 31, 2021",Reddit_tradevol_2021-02-18.csv,REDDIT,COM,"I think wsb people are busy chasing silver, as they see a silver lining."
6.65820397e+17,21997000.0,ProperlyFittedPants,"Volatility Trading Weekly Discussion - January 31, 2021",Reddit_tradevol_2021-02-18.csv,REDDIT,COM,VIX to 20 by the end of FebThis was a bit pessimistic -- /VX has been absolutely printing all week.  Going to tighten up my trailing stop and let it run until it stops itself out over the next few days.
6.65552891e+17,13691000.0,ProperlyFittedPants,"Volatility Trading Weekly Discussion - January 31, 2021",Reddit_tradevol_2021-02-18.csv,REDDIT,COM,"a short /es positionStopped out of everything... Still not really feeling this rally and will probably go long vol one more time at the end of the day.  If that gets stopped out, I'm shorting vol"
6.65569923e+17,30723000.0,Barracuda_Electronic,"Volatility Trading Weekly Discussion - January 31, 2021",Reddit_tradevol_2021-02-18.csv,REDDIT,COM,Why not try trading some other instrument? The truth is elusive these days
6.65570299e+17,31099000.0,Unknown,"Volatility Trading Weekly Discussion - January 31, 2021",Reddit_tradevol_2021-02-18.csv,REDDIT,COM,[deleted]
6.65570455e+17,31255000.0,Barracuda_Electronic,"Volatility Trading Weekly Discussion - January 31, 2021",Reddit_tradevol_2021-02-18.csv,REDDIT,COM,"well, what I did today was bought 5k of UVXY premarket at -8.5% and then sold it slowly from open until close."
6.65331549e+17,51549000.0,rank0,I suspect uvxy will spike with gme? Anyone with a good idea of jow to capitalize on this,Reddit_tradevol_2021-02-18.csv,REDDIT,COM,"Its already spiked. Vix tracks the entire SPX not just a single company with a 20b market cap. Historically, volatility decreases after spikes and the current vix future term structure implies that traders think volatility will decrease in the coming days/weeks/months. I opened a short position today on VXX. You could be right but most people think the opposite of what you're saying. However, I have been making a profit lately selling uvxy puts. I think vix > 20 is here to stay for a while."
6.65329346e+17,49346000.0,ShadyTies,I suspect uvxy will spike with gme? Anyone with a good idea of jow to capitalize on this,Reddit_tradevol_2021-02-18.csv,REDDIT,COM,I have been selling UVXY put spreads. My strategy has worked for me so far.
6.65396653e+17,30253000.0,synaesthesisx,I suspect uvxy will spike with gme? Anyone with a good idea of jow to capitalize on this,Reddit_tradevol_2021-02-18.csv,REDDIT,COM,"It's spiked, and could continue to because there is a nonzero possibility GME actually goes to infinity triggering a market black hole as institutions are forced to liquidate other assets."
6.65329753e+17,49753000.0,mapleloafs,I suspect uvxy will spike with gme? Anyone with a good idea of jow to capitalize on this,Reddit_tradevol_2021-02-18.csv,REDDIT,COM,What do you mean? Why not just purchase the underlying?
6.65470207e+17,17407000.0,Beautiful_Year5715,I suspect uvxy will spike with gme? Anyone with a good idea of jow to capitalize on this,Reddit_tradevol_2021-02-18.csv,REDDIT,COM,Buy March uvxy $50+ calls and buy the etf.  Uvxy could go to 1000 if there is lots of downside momentum
6.65335632e+17,55632000.0,bob_axelrod,I suspect uvxy will spike with gme? Anyone with a good idea of jow to capitalize on this,Reddit_tradevol_2021-02-18.csv,REDDIT,COM,I bought uvxy at 10 and sold today and sold call spreads. Youâ€™re idea is very original sir
6.65346763e+17,66763000.0,Annual-Ad6503,I suspect uvxy will spike with gme? Anyone with a good idea of jow to capitalize on this,Reddit_tradevol_2021-02-18.csv,REDDIT,COM,You think vol is coming back down. Don't you feel like you should keep.the insurance.  Bought when uvxy was in the mid 10s.
6.65433107e+17,66707000.0,Purple_Temporary_328,I suspect uvxy will spike with gme? Anyone with a good idea of jow to capitalize on this,Reddit_tradevol_2021-02-18.csv,REDDIT,COM,Buy and hold
6.65347471e+17,67471000.0,WrongTechnician,I suspect uvxy will spike with gme? Anyone with a good idea of jow to capitalize on this,Reddit_tradevol_2021-02-18.csv,REDDIT,COM,"A lot of dispersion traders degrossing with all of the recent action, lots of shorts covering and more serious hedging.  One would imagine that will pull the VIX down somewhat but with SPY breaking the 20 day I canâ€™t imagine VIX dropping too much."
6.65495665e+17,42865000.0,stuart114b,I suspect uvxy will spike with gme? Anyone with a good idea of jow to capitalize on this,Reddit_tradevol_2021-02-18.csv,REDDIT,COM,Same here put credit spreads. So far so good. Ultrashort term
6.6548653e+17,33730000.0,rank0,I suspect uvxy will spike with gme? Anyone with a good idea of jow to capitalize on this,Reddit_tradevol_2021-02-18.csv,REDDIT,COM,uvxy will absolutely not go to 1000. VIX ended up at 33 on Friday. Even if VIX somehow reached an unprecedented 100 uvxy would likely only manage to reach 60-70. You think the market is gonna see a 30% drop by march?
6.65364343e+17,84343000.0,stuart114b,I suspect uvxy will spike with gme? Anyone with a good idea of jow to capitalize on this,Reddit_tradevol_2021-02-18.csv,REDDIT,COM,Isnâ€™t vol always trying to come down i think only short term plays can be made on uvxy brcause of the triple leverage but i am thinking of a market pullback.
6.65494066e+17,41266000.0,Beautiful_Year5715,I suspect uvxy will spike with gme? Anyone with a good idea of jow to capitalize on this,Reddit_tradevol_2021-02-18.csv,REDDIT,COM,Who would have guess GME would go to $500?  VX futures are heavily shorted and this market has only been going up since April.  I hope it gets ugly so VIX/VXX/UVXY all go exponentially higher.  I have no crystal ball but 30% is not that much of a drop with these valuations.
6.65586285e+17,47085000.0,_Professional,I suspect uvxy will spike with gme? Anyone with a good idea of jow to capitalize on this,Reddit_tradevol_2021-02-18.csv,REDDIT,COM,uvxy is not triple leverage...
6.64256308e+17,13108000.0,Marseille074,"Volatility Trading Weekly Discussion - January 17, 2021",Reddit_tradevol_2021-02-18.csv,REDDIT,COM,"C-C HV is around 10~12%, the VIX is around 22~26% and /vx is around 26%.  SPX option sellers are laughing to the bank.Quite frankly, /vx sellers need to demand more premium.  M1 settling at 23.775 with VIX 24.34 is ridiculous."
6.64539484e+17,37084000.0,soyboi83,"Volatility Trading Weekly Discussion - January 17, 2021",Reddit_tradevol_2021-02-18.csv,REDDIT,COM,Was really expecting to see a larger decline in the VIX today. . .
6.63949464e+17,51864000.0,vol_trader,Friday 01/15 Monthly OpEx,Reddit_tradevol_2021-02-18.csv,REDDIT,COM,Less than half of the SPX is expiring Friday and will likely be rolled forward..Source http://stocks.tradingvolatility.net/gexCharts
6.63983767e+17,86167000.0,venturingout,Friday 01/15 Monthly OpEx,Reddit_tradevol_2021-02-18.csv,REDDIT,COM,"fair enough, this is probably a non-event like dec. Some people hyping it up though:https://spotgamma.com/full-tilt-insanity-mode-nomura-warns-this-weeks-opex-is-absolutely-going-to-matter-for-weaponized-gamma-crowd/Basically if market is decently long and gamma rolling off, you end up getting less local support to keep price moves in check so on balance a small move lower could turn into something bigger.Even if stuff is rolled, the local gamma might be lower (e.g. 3800 and 3850 work as pins with positive gamma for now, rolled out gamma might be higher strike and lower absolute value around here)"
6.63994908e+17,10908000.0,vol_trader,Friday 01/15 Monthly OpEx,Reddit_tradevol_2021-02-18.csv,REDDIT,COM,Spot Gamma follows the zerohedge play book of selling fodder to bears.
6.63895349e+17,84149000.0,venturingout,Series of bad decisions. Holding 10k $UVXY average price $23,Reddit_tradevol_2021-02-18.csv,REDDIT,COM,"I would second the idea of selling covered calls. Some data to think about first:UVXY is an ETF following 1.5x leveraged SPVXSP, which in turn is a weighted index of 1st and 2nd month vix futuresThe SPVXSP index is meant to represent 1m constant maturity forward (CMF) of the vix index which is at 24.9 as of yesterday's close (1m fut * 1m weight + 2m fut * 2m weight)Looking at the timeseries of 1m CMF on vix over 13y (incl '08), we're at the ~75th percentile with min at 11.4 and max at 70.5 (max reached last year)Intraday max was probably higher, but for arguments sake let's assume that max on the indexUVXY closed at 10.66 yesterdayHence, even if we went to that max tomorrow, your upside is probably capped somewhere around there, i.e. 70.5 / 24.9 * 1.5 * 10.66 = 45.2. Meaning that if the vix futures trades where they have at their most distressed last year, UVXY would trade at 45, not 110 --> rolldown and leveraging magic...The reason we went from around this level to 110 in feb/mar-20 was two things, (1) because the 1m constant maturity forward was around 15 and went to 70.5, i.e. 70.5 / 15 * 1.5 * 11 = 77.5 and (2) the fact that the futures curve inverted (1m expiry futures more valuable than 2m --> roll up with leverage) So assuming that you're not of the view that we will have an even bigger market event in the coming months than last year, you're upside is probably capped at around 45 (+/- any curve inversion).My view is that something like UVXY should trade around 6-7$ by JuneSo in terms of what to do:You're in a tough spot, if the remaining value of the position is a lot of money for you (e.g. money you can't really afford to lose), it's probably best to just cut it and move on.If you can and want to spend a lot of time and energy to try and recover, I think covered calls are the thing to trade around this. For example:Selling 23 strike jun21 exp calls are trading at around $2.90 mid (iVol at 190%) and are around 50% delta, so if you sell those, you will mitigate around half the damage of any move lower and collect around 27% of your current exposure (2.9 / 10.66 = 27%) by june. You will also benefit from an iVol move lower which should happen if vix moves into a lower range. The issue here is that as and when the 1m CMF collapses back to a more 'normal' level like the 50th percentile,  ~19 and if the curve continues to be steep vix < 1m future < 2m future, you will be in pain and by the time june comes and you want to roll out your 23 strike call, you'll prob get a lot less for it. If at that point you're willing to take some extra risk, you can roll the strike down too, e.g. to 20 or 18 strike, you might be able to recoup more. Hence, an alternative:Selling 23 strike jan23 expiry calls around mid at 6.70 (ivol ~155%), delta of 76%. It's a touch better from a final recovery perspective and you need to worry less about rolling the call out. But be warned, you are likely going to lock in your loss, you will be married to the position and have limited upside. Wouldn't be my preference, but you get rid of more of the outright risk and reduce the roll risk. It's also pretty illiquid...Finally, if you have extra cash to put against this as collateral, you could consider selling double the notional on 23 strike jun21, i.e. 200 contracts. Gives much better economics (delta flat between your outright and the option and you collect 50% of you existion notional), but big big health warning, you can lose a lot more if you do that and probably need to buy more UVXY if the market pukes again. If you were in a fund or bank, might be a trade they would do, but not something for the faint hearted or the undercapitalised...In any case, for any of the covered call trades, make sure to work a limit order, market order will kill you there.Obviously all of this is not formal advice or anything, def need to do your homework on this before adding calls into the mix.Edit: thanks for the gold! Good luck!"
6.63885082e+17,73882000.0,davesmith001,Series of bad decisions. Holding 10k $UVXY average price $23,Reddit_tradevol_2021-02-18.csv,REDDIT,COM,"Sell covered calls on it, sell 100 23 calls..."
6.63875594e+17,64394000.0,afuiowa2014,Series of bad decisions. Holding 10k $UVXY average price $23,Reddit_tradevol_2021-02-18.csv,REDDIT,COM,"It's going to spike again at some point in the next few months, right? Why not hold on to it?"
6.63880189e+17,68989000.0,robertovertical,Series of bad decisions. Holding 10k $UVXY average price $23,Reddit_tradevol_2021-02-18.csv,REDDIT,COM,Also donâ€™t forget reverse splits.
6.63888843e+17,77643000.0,never_noob,Series of bad decisions. Holding 10k $UVXY average price $23,Reddit_tradevol_2021-02-18.csv,REDDIT,COM,"If you wouldn't buy it again today, you probably shouldn't hold it."
6.63911292e+17,13692000.0,sg_za,Series of bad decisions. Holding 10k $UVXY average price $23,Reddit_tradevol_2021-02-18.csv,REDDIT,COM,Just stop out and learn your lesson.
6.63941931e+17,44331000.0,funkyfro77,Series of bad decisions. Holding 10k $UVXY average price $23,Reddit_tradevol_2021-02-18.csv,REDDIT,COM,Just dump it and take it as a very expensive lesson. The bleed associated with $UVXY is insane and makes it unsuitable for a long term hold. Predicting the next vol spike is also tricky.Products like $XVZ are more forgiving when holding longer term as decay isn't as bad
6.6538795e+17,21550000.0,Gullible-Orchid-1989,Series of bad decisions. Holding 10k $UVXY average price $23,Reddit_tradevol_2021-02-18.csv,REDDIT,COM,Uvxy to the moon
6.63883223e+17,72023000.0,9bitreddit,Series of bad decisions. Holding 10k $UVXY average price $23,Reddit_tradevol_2021-02-18.csv,REDDIT,COM,"If you had bought uvxy at the theoretical worst possible time and held until now you would be about breaking even.  The only useful purpose for this product is to short it in my oppinion, unless you are Michael Burray or something."
6.63895249e+17,84049000.0,redditgampa,Series of bad decisions. Holding 10k $UVXY average price $23,Reddit_tradevol_2021-02-18.csv,REDDIT,COM,"Sell it because you need another pandemic like scenario for it to go to 23. Do you expect this scenario to be likely? . Do not think you can recover some capital from covered calls. If news comes out that stimulus package is approved or better vaccine etc, uvxy will be below 5$ in a month."
6.63919153e+17,21553000.0,iandw,Series of bad decisions. Holding 10k $UVXY average price $23,Reddit_tradevol_2021-02-18.csv,REDDIT,COM,"I've been in this scenario before, when VIX was trading around 9-10 a few years ago.  FWIW, I'll go against the grain and say since you've already lost a bunch, you may want to hold a few more days in case of any political instability and/or market sell-off after this huge options expiration.  These aren't trivial times.  But the possibility also exists that nothing much happens, and VIX will fall (especially if there is peace and the new administration immediately turns to stimulus)."
6.66486387e+17,83187000.0,Beautiful_Year5715,Series of bad decisions. Holding 10k $UVXY average price $23,Reddit_tradevol_2021-02-18.csv,REDDIT,COM,"Hold!  Uvxy breaks 100, next stop is 300. ðŸš€ðŸš€ðŸš€"
6.63945033e+17,47433000.0,Realistic_Ad_6424,Series of bad decisions. Holding 10k $UVXY average price $23,Reddit_tradevol_2021-02-18.csv,REDDIT,COM,"This was a fantastic post, both in explaining the product and solutions to the initial question.Can you elaborate on why you think $UVXY will be $6-7 by June?Iâ€™m short and have been since in size for a few months given how overwhelmingly positive economic data continues to be, how easy the runway for growth is this year given easy comparisons, and visibility to continued stimulus if anything went wrong.Itâ€™s been a great ride but Iâ€™m still amazed VIX is >20. Itâ€™s unprecedented in the QE era for a macro environment this strong. It seems a lot of the vol premium is being driven by calls with put / call ratio near lows, so maybe vol just stays higher for a period with all the retail speculation, but VIX has always decayed down to a low teens number in very strong cyclical environments. The market becomes comfortable with the earnings outlook and vol get depressed.Thatâ€™s still my view which is why Iâ€™m short. Risk reward seems fantastic. Interested to hear more on why you think we get below $7 by summer.Thanks again for the great post"
6.6388243e+17,71230000.0,lemerou,Series of bad decisions. Holding 10k $UVXY average price $23,Reddit_tradevol_2021-02-18.csv,REDDIT,COM,You should never hold uvxy long term because of the decay.
6.65328506e+17,48506000.0,stuart114b,Series of bad decisions. Holding 10k $UVXY average price $23,Reddit_tradevol_2021-02-18.csv,REDDIT,COM,Is there a way to gauge when s reverse split is near?
6.6418278e+17,25980000.0,EducatorLazy2876,Series of bad decisions. Holding 10k $UVXY average price $23,Reddit_tradevol_2021-02-18.csv,REDDIT,COM,"he would be down 99.9% percent if he bought at the worst possible timeluckily for him i think UVXY will pump hard this week due to civil unrest, world collapsing, upcoming martial law, new covid strains etc"
6.63986249e+17,2249000.0,venturingout,Series of bad decisions. Holding 10k $UVXY average price $23,Reddit_tradevol_2021-02-18.csv,REDDIT,COM,"So I keep wondering myself why ppl still pile into SPX options here and keep bidding both vix and vix futs and I think there's a million reasons to rationalise it (e.g. 'upside call buying', 'weaponised gamma from wsb', 'real-money managers have made so much money and are nervously hedging downside for every tick higher in stocks here' etc.).Ultimately though, if you check since the election: most spot implied vol indices have been grinding higher (vix, move) and even though realised vol has been coming down (30d spx realised vol 22-ish around the election to 10 now), that picture isn't actually complete. If you use something like Wilders ATR (https://www.quantshare.com/sa-527-using-average-true-range-to-measure-intraday-volatility) and then do the timeseries of intraday realised volatility of the max of the three component returns, your 30d realised is actually more like 22.5, bang on where vix is trading, rather than the 30d close-to-close realised vol of 10).So my guess is actually vol is not that 'expensive' here if you include intraday moves which you have no reason not to capture (if you own options, you can delta hedge and make money on higher realised vs implied vol and SPX futures are open almost all day).To answer the question though:There's 2 ways UVXY or similar can go lower: (1) the 1m CMF goes lower i.e. vix <20, vix futs <25 and (2) the vix vs 1m CMF realises the roll yield, i.e. vix stays consistently in a lower range than where 1m and 2m futures are trading over the next few months.In my view, unless intraday realised vol comes down too, we won't see vix leading the charge lower, hence my assumption is (conservatively) that vix stays in a 20-30 range for the next few months, but UVXY will move lower because of the roll yield realising, eg. assume that vix stays in the lower end of the range from today til end of jun with 1m CMF 6% higher on average and 1m < 2m, then you can back of the envelope, assume UVXY in jun = (1 - 0.06 * 1.5)^5.5 * 10.2 = 6.1.But tbh man, short UVXY outright in size here, balls of steel... I hope you have the $$ for the margin if we blow up. Also think about risk-reward, you're potentially making 30-40% in 6 months risking a pretty chunky loss. Could be more of course if we fully normalise, but who knows when that'll happen...Edit: maths on the UVXY roll yield calc - forgot the leverage"
6.63905292e+17,7692000.0,afuiowa2014,Series of bad decisions. Holding 10k $UVXY average price $23,Reddit_tradevol_2021-02-18.csv,REDDIT,COM,Is 1-2 months considered long term though?
6.64357726e+17,28126000.0,9bitreddit,Series of bad decisions. Holding 10k $UVXY average price $23,Reddit_tradevol_2021-02-18.csv,REDDIT,COM,"I think not due to stock buybacks.  Even my boomer dad is complaining about how he can't just hold gov bonds anymore.  It doesn't matter how fucked shit is, if stocks are the only rational investment they will hold value even if it doesn't on the surface make sense.  Also we already corrected a bit...I am an idiot with no college degree or job, not a financial advisor"
6.64003255e+17,19255000.0,Realistic_Ad_6424,Series of bad decisions. Holding 10k $UVXY average price $23,Reddit_tradevol_2021-02-18.csv,REDDIT,COM,"Thanks man â€” great post here, again.Hadnâ€™t seen the intraday methodology before. That makes sense... guess Iâ€™m still shocked how much intraday vol there is! We have all the data points that matter: the business cycle is getting better (look at PMI, commodity pricing, every leading indicator is en fuego, and comps actually only get easier) and we havenâ€™t even gotten the new stimulus yet. On the rates side, the Fed is saying they want to create an asset bubble. They want inflation to be >2% and are keeping rates pinned at zero until we get there. Anything goes wrong theyâ€™ll just print more.What are people so anxious about? I donâ€™t really get it. DJTâ€™s departure is a total cluster but it shouldnâ€™t matter for corporate profits.Level of vol is really unprecedented for how strong fundamentals are. I just think everyone is anchoring to how bad the world was a year ago and we normalize in terms of VIX levels shortly after Trump moves to Boca and isnâ€™t on the news anymore. Also check out Cuomoâ€™s most recent presentation on opening NYC: now that we have a unified party in charge, Covid is going to become a more solvable problem. He wants the city open ASAP. And scaled vaccines not far away. Institutions will start shorting vol again and that could put pressure on realized. And when I say â€œin sizeâ€ I mean like a 7% position paired with a long equity portfolio that obviously will be positively correlated with short vol. I am prepared for these things to go up 3x. But expected value is so good here over a year idk how you canâ€™t be short... at whatever size you think is appropriate to ride out.Also harder to get totally destroyed when starting point for vol is well above 20. I donâ€™t short vol ever below 15 but >20 when world is clearly getting better... you only get a change to do this every 3-4 years. Edit: adding commentary on Cuomo reopening and VIX levels. The last comment"
6.66508854e+17,19254000.0,Realistic_Ad_6424,Series of bad decisions. Holding 10k $UVXY average price $23,Reddit_tradevol_2021-02-18.csv,REDDIT,COM,"So... what a month. Fortunately have been sized in a way to ride out volatility but I mean I could not have gotten that initial move any more incorrect.MS vol strategists are arguing today retail is back in size on long vol trade and overwhelming institutional short vol capacity, making the market less stable. Maybe the case... who knows. I still think we trend lower on realized and implied given the macro environment. Expected value on the trade is high but you canâ€™t size it too bug given convexity.Could I ask you to clarify how you calculate the roll yield? Iâ€™ve been trying to research it and see so many different answers. Like the 6% you cited above, whatâ€™s the relationship there? Is that CMF vs spot VIX? Or is that the monthly slide based on M2 to M1?Thanks again for being such a resource on this!"
6.63906137e+17,8537000.0,lemerou,Series of bad decisions. Holding 10k $UVXY average price $23,Reddit_tradevol_2021-02-18.csv,REDDIT,COM,Definitively. Look at the chart to see why.
6.64007019e+17,23019000.0,venturingout,Series of bad decisions. Holding 10k $UVXY average price $23,Reddit_tradevol_2021-02-18.csv,REDDIT,COM,"Thanks! Yeah, I don't disagree and tbh, a lot of what you mention is in my base case too. I'm bullish for this year, even if that might not have come accross! (VIX < 20 and will stay below there, SPX hits 4500). You've prob listed all the reasons there. The only thing in the short-term is that the market is still somewhat coming to grips with this whole MMT experiment. We will just end up with an asset price bubble like you say, but I also think it might put some vol into US rates as investors look hard at the increasing debt, in turn prompting the FED to put in place YCC (US Treasury auction today and 10y yield +4bps, that's a 1.5sigma move on a 10y horizon). And in my mind until the market has found that new normal in rates, rates vol will be a thing and in a way can be the mother of all vol given the amount of assets and relative pricing it influences. So I am with you, but I just think it will take some more time for markets to really accept the new environment and probably for the Fed to really step up the YCC game before implied vols come lower across assets.Edit: formatting"
6.63941117e+17,43517000.0,afuiowa2014,Series of bad decisions. Holding 10k $UVXY average price $23,Reddit_tradevol_2021-02-18.csv,REDDIT,COM,Looks like it's been flat for a month now
6.64535651e+17,33251000.0,Realistic_Ad_6424,Series of bad decisions. Holding 10k $UVXY average price $23,Reddit_tradevol_2021-02-18.csv,REDDIT,COM,Whatâ€™s the easiest way in Bloomberg to see the historical relationship between spot VIX and the CMF?If I use the SP futures index there is so much decay/dilution that you canâ€™t see the time series historically.Thanks for being such a resource!
6.64594266e+17,5466000.0,venturingout,Series of bad decisions. Holding 10k $UVXY average price $23,Reddit_tradevol_2021-02-18.csv,REDDIT,COM,"You can't really see it in bloomberg. You can try to create a CIX, but it's tricky. You need to change the weightings of the front months vix futures every day, which is the hard part, i.e. CMF(T) = W1(T-1) * 1m fut(T) + W2(T-1) * 2m fut(T) with W1(T-1) = (M-N)/M with N=days passed in the current roll period and M=total days in the roll period and W2(T-1) = 1-W1(T-1) = N/M. See the docs https://www.spglobal.com/spdji/en/documents/methodologies/methodology-sp-vix-futures-indices.pdf?force_download=true pages 9ffAs far as I'm aware, this doesn't exist in bbg, but do let me know if you find out.SP futures index you mean SPVXSTR Index for example? Yes, that will be correct for the DoD move, but will include the rolldown so won't give you a good idea of the CMF if you want to use that to see percentiles etc.I built something in python to work out the timeseries including the correct business day calc and the weightings, it's not hard but it's tedious."
6.63652132e+17,13732000.0,Marseille074,"Volatility Trading Weekly Discussion - January 10, 2021",Reddit_tradevol_2021-02-18.csv,REDDIT,COM,"A bad start on my end as the VIX irrationally spiked 22 -> 27 -> 21.  The right move in hindsight was to stay in, but it was tricky because the markets can remain irrational longer than you can remain solvent.  Could've been a sequence of 22 -> 27 -> 40 is the idea."
6.63762404e+17,37604000.0,venturingout,"Volatility Trading Weekly Discussion - January 10, 2021",Reddit_tradevol_2021-02-18.csv,REDDIT,COM,"Today not getting much better... I mean what's up with spx down 60bps and vix +2.5vols. Seems like market nervous about the time til Biden comes in. Can't explain why vix underperforms otherwise.Ultimately the trade is still some sort of 'normalisation', but then vvix still >110 and vix >20. Can it stay this way for a few more months? E.g. a 20-30 range for vix with flat-ish futs?"
6.63764631e+17,39831000.0,Marseille074,"Volatility Trading Weekly Discussion - January 10, 2021",Reddit_tradevol_2021-02-18.csv,REDDIT,COM,"I think it can stay elevated, at least until the inauguration or possibly longer.  The correct play here seems to be to sell spx options, but this isn't easy to do via volatility ETPs."
6.63765403e+17,40603000.0,venturingout,"Volatility Trading Weekly Discussion - January 10, 2021",Reddit_tradevol_2021-02-18.csv,REDDIT,COM,"Fair, I think the dealers might be happy owning the spx gamma and donâ€™t reprice vol lower. Also seems like enough people happy to pay for protection regardless of the gap to realised. Though from what Iâ€™m seeing, vol sellers are starting to come back in bigger size. Have to make money this year somehow after all..."
6.63773906e+17,49106000.0,Marseille074,"Volatility Trading Weekly Discussion - January 10, 2021",Reddit_tradevol_2021-02-18.csv,REDDIT,COM,Shorting volatility became a very difficult trade because people are happy to pay for protection as you say (elevates VIX and /VX).  Shorters make a lot of money if VIX hits 15%; but there's no telling when that might be.
6.63072486e+17,38886000.0,i_am_rich_AF,"Volatility Trading Weekly Discussion - January 3, 2021",Reddit_tradevol_2021-02-18.csv,REDDIT,COM,Just joined this community and looking forward to discussing ideas. ðŸ™‚
6.63214625e+17,8225000.0,eisbock,"Volatility Trading Weekly Discussion - January 3, 2021",Reddit_tradevol_2021-02-18.csv,REDDIT,COM,"Looks like the automoderator scheduler got deprecated, I'm going to set up a new scheduled post. This one is posted manually for this week.About time. Automod is such a piece of shit and I'm surprised it took this long to fix, considering how much it was used across reddit."
6.6305597e+17,22370000.0,Marseille074,"Volatility Trading Weekly Discussion - January 3, 2021",Reddit_tradevol_2021-02-18.csv,REDDIT,COM,"My goal is to hit 50%+ annually and I was able to do so last year.  With that said, my account was super volatile all year and the thought of shrinking the account size crossed my mind."
6.63310054e+17,17254000.0,soyboi83,"Volatility Trading Weekly Discussion - January 3, 2021",Reddit_tradevol_2021-02-18.csv,REDDIT,COM,"With last nightâ€™s events and the anticipated confirmation of Biden, will we finally drop below 20?"
6.63070914e+17,37314000.0,SnacksOnSeedCorn,"Volatility Trading Weekly Discussion - January 3, 2021",Reddit_tradevol_2021-02-18.csv,REDDIT,COM,That does not sound like a sustainable goal
6.63134093e+17,14093000.0,real_dylanp,"Volatility Trading Weekly Discussion - January 3, 2021",Reddit_tradevol_2021-02-18.csv,REDDIT,COM,"If youâ€™re just starting please understand that maintaining a 50% return is extraordinarily unlikely. The market environment this past year spoiled many traders, and going forward trying to maintain that kind of return will lead to disappointment at best and blowing up your portfolio at worst."
6.63401018e+17,21818000.0,eisbock,"Volatility Trading Weekly Discussion - January 3, 2021",Reddit_tradevol_2021-02-18.csv,REDDIT,COM,"Depends how aggressive you want to be. It's a reasonable goal if you're willing to accept that you might have some really bad years. For mental health? Yeah, probably not sustainable unless your trading account is only a fraction of your net worth.I mean, just going all-in on UPRO will get you your 50% per year most years if you're okay with yuge drawdowns."
6.63406916e+17,27716000.0,SnacksOnSeedCorn,"Volatility Trading Weekly Discussion - January 3, 2021",Reddit_tradevol_2021-02-18.csv,REDDIT,COM,"really bad year would be going to zero, which is incredibly likely with that aggression."
6.63416541e+17,37341000.0,eisbock,"Volatility Trading Weekly Discussion - January 3, 2021",Reddit_tradevol_2021-02-18.csv,REDDIT,COM,Lol. You think 50% is so aggressive that such a strategy risks going to zero (which on its own is actually really hard to do)? Just wait til you see my backtests with 1000% years or better.I just mentioned a strategy that will net you 50% per year and that strategy has never gone to zero since the stock market has existed. Hyperbolic much?
6.63418184e+17,38984000.0,SnacksOnSeedCorn,"Volatility Trading Weekly Discussion - January 3, 2021",Reddit_tradevol_2021-02-18.csv,REDDIT,COM,"Are you joking right now? Please tell me you aren't curve fitting for back testing. God, you have no clue what you're doing, do you?"
6.63418469e+17,39269000.0,eisbock,"Volatility Trading Weekly Discussion - January 3, 2021",Reddit_tradevol_2021-02-18.csv,REDDIT,COM,"Dude, go back to /r/investing. This is clearly not the place for you if you can't grapple with the idea that some people want to make more than 10% per year.Also, lol at taking sarcasm seriously."
6.62490066e+17,61266000.0,Marseille074,The Huge Implied-Realized Volatility Spread Part 1,Reddit_tradevol_2021-02-18.csv,REDDIT,COM,"Very strange landscape right now.  SPX options traders implying super high even though realized vol doesn't justify their pricing.  Option sellers laughing to the bank, but the buyers seem OK paying the premium."
6.62523014e+17,7814000.0,SnacksOnSeedCorn,The Huge Implied-Realized Volatility Spread Part 1,Reddit_tradevol_2021-02-18.csv,REDDIT,COM,"Of course, asset volatility cooled down, with the help of Brrr.Okay, it's a garbage article. No need to read further."
6.62553269e+17,38069000.0,soyboi83,The Huge Implied-Realized Volatility Spread Part 1,Reddit_tradevol_2021-02-18.csv,REDDIT,COM,Seems like the strategy would be to sell OTM SPX puts but the large amount of cash needed to secure the puts would be significantly large
6.62554767e+17,39567000.0,momenace,The Huge Implied-Realized Volatility Spread Part 1,Reddit_tradevol_2021-02-18.csv,REDDIT,COM,This seems natural as risk and volatility will be top of mind after a crisis. You can see it in insurance sales after extreme events. Nice article op
6.62523519e+17,8319000.0,dopamine_dependent,The Huge Implied-Realized Volatility Spread Part 1,Reddit_tradevol_2021-02-18.csv,REDDIT,COM,"::eyeroll::Sarcastic jovial tone doesn't negate the interesting content or statistical validity.  Vol is at historical extreme expensive levels right now.  Which I think is very interesting.  Significant alpha to be harvested here, imo."
6.62559249e+17,44049000.0,dopamine_dependent,The Huge Implied-Realized Volatility Spread Part 1,Reddit_tradevol_2021-02-18.csv,REDDIT,COM,I think you nailed it. Same thing happened to vol after the GFC.
6.62538108e+17,22908000.0,discdystopia,The Huge Implied-Realized Volatility Spread Part 1,Reddit_tradevol_2021-02-18.csv,REDDIT,COM,thank you
6.62545667e+17,30467000.0,short-gamma,The Huge Implied-Realized Volatility Spread Part 1,Reddit_tradevol_2021-02-18.csv,REDDIT,COM,With short vol strategies you mean?
6.62445858e+17,17058000.0,Marseille074,"Volatility Trading Weekly Discussion - December 27, 2020",Reddit_tradevol_2021-02-18.csv,REDDIT,COM,"4 more trading days to wrap up 2020.  What a crazy year it's been, I can't wait for it to end."
6.61943575e+17,33175000.0,Marseille074,"Volatility Trading Weekly Discussion - December 20, 2020",Reddit_tradevol_2021-02-18.csv,REDDIT,COM,"HV30@11.67, we're seeing VRP30 of 116%.  SPX options traders are worried about something."
6.61230618e+17,11418000.0,Marseille074,"Volatility Trading Weekly Discussion - December 13, 2020",Reddit_tradevol_2021-02-18.csv,REDDIT,COM,"Pfizer vaccine finally approved but the stimulus talk is stalling.  With HV30 around 15, I still think VIX under 20 by EOY is possible but we'll see."
6.61340891e+17,35291000.0,venturingout,"Volatility Trading Weekly Discussion - December 13, 2020",Reddit_tradevol_2021-02-18.csv,REDDIT,COM,Today didn't feel comfortable at all. Vol bid into close as well as some decent selling on stocks. The quad witching and tsla moving into the s&p is being hyped up as a big story. Might be the non-event we need to crush vols into year end. There is enough buying interest out there across retail and real money who have nothing else to buy than stocks. Add in the CTA and vol target community with realised vols starting to trend way below 20. Net-net should be a decent bid for stocks and end up with short-end iVols lower.
6.60602705e+17,74705000.0,venturingout,"Volatility Trading Weekly Discussion - December 06, 2020",Reddit_tradevol_2021-02-18.csv,REDDIT,COM,"Itâ€™s interesting how Dec expiry vix futures have stayed bid with only about 10 days to expiry and stayed about 1.5-2vols above spot vix. Secondly it seems like the spx v vix correlation turned positive again, at least during cash market trading. This looks a little like August where stocks were up 3-4% and vol higher by 5-6pts. So year end call: spx closes at 3900 with vix at 25. Anyone think thatâ€™s silly?"
6.60623739e+17,9339000.0,Marseille074,"Volatility Trading Weekly Discussion - December 06, 2020",Reddit_tradevol_2021-02-18.csv,REDDIT,COM,"I think VIX would fall below 20 by EOY, esp. if SPX advances to 3900."
6.60621781e+17,7381000.0,vol_trader,"Volatility Trading Weekly Discussion - December 06, 2020",Reddit_tradevol_2021-02-18.csv,REDDIT,COM,"It's pretty standard for M1 to remain elevated over spot by quite a bit until the Friday before expiration, at which point that premium should be around 2%. I don't think you can read anything into it right now."
6.60024274e+17,14674000.0,SnacksOnSeedCorn,"Volatility Trading Weekly Discussion - November 29, 2020",Reddit_tradevol_2021-02-18.csv,REDDIT,COM,"VIX is still elevated, still net short"
6.60017833e+17,8233000.0,Marseille074,"Volatility Trading Weekly Discussion - November 29, 2020",Reddit_tradevol_2021-02-18.csv,REDDIT,COM,"Not much to discuss this week, VIX < 20 by EOY is something to look at though."
6.60026099e+17,16499000.0,dopamine_dependent,"Volatility Trading Weekly Discussion - November 29, 2020",Reddit_tradevol_2021-02-18.csv,REDDIT,COM,Sup with SVIX?  Any movement?
6.59414659e+17,9859000.0,Marseille074,"Volatility Trading Weekly Discussion - November 22, 2020",Reddit_tradevol_2021-02-18.csv,REDDIT,COM,Difficult markets continue but I think short vol looks decent going forward.  The election winding down and coronavirus situation should get better once vaccines are approved early December.
6.58812829e+17,12829000.0,Marseille074,"Volatility Trading Weekly Discussion - November 15, 2020",Reddit_tradevol_2021-02-18.csv,REDDIT,COM,"With coronavirus cases surging, the SPX hit ATH.  VIX under 20 by EOY might be possible at this rate."
